court	year	images
Middlesex	1690	441
Middlesex	1691	654
Middlesex	1692	336
Middlesex	1693	14
Middlesex	1694	324
Middlesex	1695	522
Middlesex	1696	281
Middlesex	1697	516
Middlesex	1698	731
Middlesex	1699	815
Middlesex	1700	18
Middlesex	1701	210
Middlesex	1702	147
Middlesex	1703	187
Middlesex	1706	372
Middlesex	1707	388
Middlesex	1708	577
Middlesex	1709	456
Middlesex	1710	67
Middlesex	1711	373
Middlesex	1712	80
Middlesex	1713	272
Middlesex	1714	431
Middlesex	1715	730
Middlesex	1716	746
Middlesex	1717	770
Middlesex	1718	337
Middlesex	1719	413
Middlesex	1720	660
Middlesex	1721	243
Middlesex	1722	747
Middlesex	1723	642
Middlesex	1724	441
Middlesex	1725	594
Middlesex	1726	604
Middlesex	1727	923
Middlesex	1728	148
Middlesex	1729	163
Middlesex	1730	531
Middlesex	1731	366
Middlesex	1732	748
Middlesex	1733	952
Middlesex	1734	632
Middlesex	1735	600
Middlesex	1736	677
Middlesex	1737	627
Middlesex	1738	174
Middlesex	1739	4
Middlesex	1740	0
Middlesex	1741	16
Middlesex	1742	40
Middlesex	1743	32
Middlesex	1744	130
Middlesex	1745	7
Middlesex	1746	62
Middlesex	1747	577
Middlesex	1748	929
Middlesex	1749	678
Middlesex	1750	416
Middlesex	1751	818
Middlesex	1752	0
Middlesex	1753	234
Middlesex	1754	900
Middlesex	1755	478
Middlesex	1756	115
Middlesex	1757	161
Middlesex	1758	725
Middlesex	1759	0
Middlesex	1760	1175
Middlesex	1761	756
Middlesex	1762	1113
Middlesex	1763	979
Middlesex	1764	453
Middlesex	1765	483
Middlesex	1766	244
Middlesex	1767	1091
Middlesex	1768	805
Middlesex	1769	1031
Middlesex	1770	540
Middlesex	1771	635
Middlesex	1772	777
Middlesex	1773	1100
Middlesex	1774	1398
Middlesex	1775	1141
Middlesex	1776	464
Middlesex	1777	530
Middlesex	1778	1581
Middlesex	1779	1129
Middlesex	1780	711
Middlesex	1781	805
Middlesex	1782	992
Middlesex	1783	1133
Middlesex	1784	1628
Middlesex	1785	1351
Middlesex	1786	1356
Middlesex	1787	1061
Middlesex	1788	366
Middlesex	1789	1247
Middlesex	1790	850
Middlesex	1791	1316
Middlesex	1792	534
Middlesex	1793	1972
Middlesex	1794	1342
Middlesex	1795	1900
Middlesex	1796	883
Middlesex	1797	540
Middlesex	1798	1782
Middlesex	1799	1397